fips,cbsa,cbsa_name
01001,33860,"Montgomery, AL"
01003,19300,"Daphne-Fairhope-Foley, AL"
01005,21640,"Eufaula, AL-GA"
01007,13820,"Birmingham-Hoover, AL"
01009,13820,"Birmingham-Hoover, AL"
01015,11500,"Anniston-Oxford, AL"
01017,29300,"LaGrange, GA-AL"
01021,13820,"Birmingham-Hoover, AL"
01031,21460,"Enterprise, AL"
01033,22520,"Florence-Muscle Shoals, AL"
01037,10760,"Alexander City, AL"
01043,18980,"Cullman, AL"
01045,37120,"Ozark, AL"
01047,42820,"Selma, AL"
01049,22840,"Fort Payne, AL"
01051,33860,"Montgomery, AL"
01053,12120,"Atmore, AL"
01055,23460,"Gadsden, AL"
01061,20020,"Dothan, AL"
01063,46220,"Tuscaloosa, AL"
01065,46220,"Tuscaloosa, AL"
01067,20020,"Dothan, AL"
01069,20020,"Dothan, AL"
01071,42460,"Scottsboro, AL"
01073,13820,"Birmingham-Hoover, AL"
01077,22520,"Florence-Muscle Shoals, AL"
01079,19460,"Decatur, AL"
01081,12220,"Auburn-Opelika, AL"
01083,26620,"Huntsville, AL"
01085,33860,"Montgomery, AL"
01089,26620,"Huntsville, AL"
01095,10700,"Albertville, AL"
01097,33660,"Mobile, AL"
01101,33860,"Montgomery, AL"
01103,19460,"Decatur, AL"
01107,46220,"Tuscaloosa, AL"
01109,45980,"Troy, AL"
01113,17980,"Columbus, GA-AL"
01115,13820,"Birmingham-Hoover, AL"
01117,13820,"Birmingham-Hoover, AL"
01121,45180,"Talladega-Sylacauga, AL"
01123,10760,"Alexander City, AL"
01125,46220,"Tuscaloosa, AL"
01127,27530,"Jasper, AL"
01129,33660,"Mobile, AL"
04003,43420,"Sierra Vista-Douglas, AZ"
04005,22380,"Flagstaff, AZ"
04007,37740,"Payson, AZ"
04009,40940,"Safford, AZ"
04013,38060,"Phoenix-Mesa-Chandler, AZ"
04015,29420,"Lake Havasu City-Kingman, AZ"
04017,43320,"Show Low, AZ"
04019,46060,"Tucson, AZ"
04021,38060,"Phoenix-Mesa-Chandler, AZ"
04023,35700,"Nogales, AZ"
04025,39150,"Prescott Valley-Prescott, AZ"
04027,49740,"Yuma, AZ"
05005,34260,"Mountain Home, AR"
05007,22220,"Fayetteville-Springdale-Rogers, AR"
05009,25460,"Harrison, AR"
05013,15780,"Camden, AR"
05019,11660,"Arkadelphia, AR"
05025,38220,"Pine Bluff, AR"
05027,31620,"Magnolia, AR"
05031,27860,"Jonesboro, AR"
05033,22900,"Fort Smith, AR-OK"
05035,32820,"Memphis, TN-MS-AR"
05045,30780,"Little Rock-North Little Rock-Conway, AR"
05047,22900,"Fort Smith, AR-OK"
05051,26300,"Hot Springs, AR"
05053,30780,"Little Rock-North Little Rock-Conway, AR"
05055,37500,"Paragould, AR"
05057,26260,"Hope, AR"
05059,31680,"Malvern, AR"
05063,12900,"Batesville, AR"
05069,38220,"Pine Bluff, AR"
05079,38220,"Pine Bluff, AR"
05081,45500,"Texarkana, TX-AR"
05085,30780,"Little Rock-North Little Rock-Conway, AR"
05087,22220,"Fayetteville-Springdale-Rogers, AR"
05091,45500,"Texarkana, TX-AR"
05093,14180,"Blytheville, AR"
05099,26260,"Hope, AR"
05101,25460,"Harrison, AR"
05103,15780,"Camden, AR"
05105,30780,"Little Rock-North Little Rock-Conway, AR"
05107,25760,"Helena-West Helena, AR"
05111,27860,"Jonesboro, AR"
05115,40780,"Russellville, AR"
05119,30780,"Little Rock-North Little Rock-Conway, AR"
05123,22620,"Forrest City, AR"
05125,30780,"Little Rock-North Little Rock-Conway, AR"
05131,22900,"Fort Smith, AR-OK"
05135,12900,"Batesville, AR"
05139,20980,"El Dorado, AR"
05143,22220,"Fayetteville-Springdale-Rogers, AR"
05145,42620,"Searcy, AR"
05149,40780,"Russellville, AR"
06001,41860,"San Francisco-Oakland-Berkeley, CA"
06007,17020,"Chico, CA"
06013,41860,"San Francisco-Oakland-Berkeley, CA"
06015,18860,"Crescent City, CA"
06017,40900,"Sacramento-Roseville-Folsom, CA"
06019,23420,"Fresno, CA"
06023,21700,"Eureka-Arcata, CA"
06025,20940,"El Centro, CA"
06029,12540,"Bakersfield, CA"
06031,25260,"Hanford-Corcoran, CA"
06033,17340,"Clearlake, CA"
06035,45000,"Susanville, CA"
06037,31080,"Los Angeles-Long Beach-Anaheim, CA"
06039,31460,"Madera, CA"
06041,41860,"San Francisco-Oakland-Berkeley, CA"
06045,46380,"Ukiah, CA"
06047,32900,"Merced, CA"
06053,41500,"Salinas, CA"
06055,34900,"Napa, CA"
06057,46020,"Truckee-Grass Valley, CA"
06059,31080,"Los Angeles-Long Beach-Anaheim, CA"
06061,40900,"Sacramento-Roseville-Folsom, CA"
06065,40140,"Riverside-San Bernardino-Ontario, CA"
06067,40900,"Sacramento-Roseville-Folsom, CA"
06069,41940,"San Jose-Sunnyvale-Santa Clara, CA"
06071,40140,"Riverside-San Bernardino-Ontario, CA"
06073,41740,"San Diego-Chula Vista-Carlsbad, CA"
06075,41860,"San Francisco-Oakland-Berkeley, CA"
06077,44700,"Stockton, CA"
06079,42020,"San Luis Obispo-Paso Robles, CA"
06081,41860,"San Francisco-Oakland-Berkeley, CA"
06083,42200,"Santa Maria-Santa Barbara, CA"
06085,41940,"San Jose-Sunnyvale-Santa Clara, CA"
06087,42100,"Santa Cruz-Watsonville, CA"
06089,39820,"Redding, CA"
06095,46700,"Vallejo, CA"
06097,42220,"Santa Rosa-Petaluma, CA"
06099,33700,"Modesto, CA"
06101,49700,"Yuba City, CA"
06103,39780,"Red Bluff, CA"
06107,47300,"Visalia, CA"
06109,43760,"Sonora, CA"
06111,37100,"Oxnard-Thousand Oaks-Ventura, CA"
06113,40900,"Sacramento-Roseville-Folsom, CA"
06115,49700,"Yuba City, CA"
08001,19740,"Denver-Aurora-Lakewood, CO"
08005,19740,"Denver-Aurora-Lakewood, CO"
08013,14500,"Boulder, CO"
08014,19740,"Denver-Aurora-Lakewood, CO"
08019,19740,"Denver-Aurora-Lakewood, CO"
08031,19740,"Denver-Aurora-Lakewood, CO"
08035,19740,"Denver-Aurora-Lakewood, CO"
08037,20780,"Edwards, CO"
08039,19740,"Denver-Aurora-Lakewood, CO"
08041,17820,"Colorado Springs, CO"
08043,15860,"Cañon City, CO"
08045,24060,"Glenwood Springs, CO"
08047,19740,"Denver-Aurora-Lakewood, CO"
08059,19740,"Denver-Aurora-Lakewood, CO"
08067,20420,"Durango, CO"
08069,22660,"Fort Collins, CO"
08075,44540,"Sterling, CO"
08077,24300,"Grand Junction, CO"
08081,18780,"Craig, CO"
08085,33940,"Montrose, CO"
08087,22820,"Fort Morgan, CO"
08091,33940,"Montrose, CO"
08093,19740,"Denver-Aurora-Lakewood, CO"
08097,24060,"Glenwood Springs, CO"
08101,39380,"Pueblo, CO"
08107,44460,"Steamboat Springs, CO"
08117,14720,"Breckenridge, CO"
08119,17820,"Colorado Springs, CO"
08123,24540,"Greeley, CO"
09001,14860,"Bridgeport-Stamford-Norwalk, CT"
09003,25540,"Hartford-East Hartford-Middletown, CT"
09005,45860,"Torrington, CT"
09007,25540,"Hartford-East Hartford-Middletown, CT"
09009,35300,"New Haven-Milford, CT"
09011,35980,"Norwich-New London, CT"
09013,25540,"Hartford-East Hartford-Middletown, CT"
09015,49340,"Worcester, MA-CT"
10001,20100,"Dover, DE"
10003,37980,"Philadelphia-Camden-Wilmington, PA-NJ-DE-MD"
10005,41540,"Salisbury, MD-DE"
11001,47900,"Washington-Arlington-Alexandria, DC-VA-MD-WV"
12001,23540,"Gainesville, FL"
12003,27260,"Jacksonville, FL"
12005,37460,"Panama City, FL"
12009,37340,"Palm Bay-Melbourne-Titusville, FL"
12011,33100,"Miami-Fort Lauderdale-Pompano Beach, FL"
12015,39460,"Punta Gorda, FL"
12017,26140,"Homosassa Springs, FL"
12019,27260,"Jacksonville, FL"
12021,34940,"Naples-Marco Island, FL"
12023,29380,"Lake City, FL"
12027,11580,"Arcadia, FL"
12031,27260,"Jacksonville, FL"
12033,37860,"Pensacola-Ferry Pass-Brent, FL"
12035,19660,"Deltona-Daytona Beach-Ormond Beach, FL"
12039,45220,"Tallahassee, FL"
12041,23540,"Gainesville, FL"
12049,48100,"Wauchula, FL"
12051,17500,"Clewiston, FL"
12053,45300,"Tampa-St. Petersburg-Clearwater, FL"
12055,42700,"Sebring-Avon Park, FL"
12057,45300,"Tampa-St. Petersburg-Clearwater, FL"
12061,42680,"Sebastian-Vero Beach, FL"
12065,45220,"Tallahassee, FL"
12069,36740,"Orlando-Kissimmee-Sanford, FL"
12071,15980,"Cape Coral-Fort Myers, FL"
12073,45220,"Tallahassee, FL"
12075,23540,"Gainesville, FL"
12081,35840,"North Port-Sarasota-Bradenton, FL"
12083,36100,"Ocala, FL"
12085,38940,"Port St. Lucie, FL"
12086,33100,"Miami-Fort Lauderdale-Pompano Beach, FL"
12087,28580,"Key West, FL"
12089,27260,"Jacksonville, FL"
12091,18880,"Crestview-Fort Walton Beach-Destin, FL"
12093,36380,"Okeechobee, FL"
12095,36740,"Orlando-Kissimmee-Sanford, FL"
12097,36740,"Orlando-Kissimmee-Sanford, FL"
12099,33100,"Miami-Fort Lauderdale-Pompano Beach, FL"
12101,45300,"Tampa-St. Petersburg-Clearwater, FL"
12103,45300,"Tampa-St. Petersburg-Clearwater, FL"
12105,29460,"Lakeland-Winter Haven, FL"
12107,37260,"Palatka, FL"
12109,27260,"Jacksonville, FL"
12111,38940,"Port St. Lucie, FL"
12113,37860,"Pensacola-Ferry Pass-Brent, FL"
12115,35840,"North Port-Sarasota-Bradenton, FL"
12117,36740,"Orlando-Kissimmee-Sanford, FL"
12119,45540,"The Villages, FL"
12127,19660,"Deltona-Daytona Beach-Ormond Beach, FL"
12129,45220,"Tallahassee, FL"
12131,18880,"Crestview-Fort Walton Beach-Destin, FL"
13003,20060,"Douglas, GA"
13009,33300,"Milledgeville, GA"
13013,12060,"Atlanta-Sandy Springs-Alpharetta, GA"
13015,12060,"Atlanta-Sandy Springs-Alpharetta, GA"
13017,22340,"Fitzgerald, GA"
13021,31420,"Macon-Bibb County, GA"
13025,15260,"Brunswick, GA"
13027,46660,"Valdosta, GA"
13029,42340,"Savannah, GA"
13031,44340,"Statesboro, GA"
13033,12260,"Augusta-Richmond County, GA-SC"
13035,12060,"Atlanta-Sandy Springs-Alpharetta, GA"
13039,41220,"St. Marys, GA"
13045,12060,"Atlanta-Sandy Springs-Alpharetta, GA"
13047,16860,"Chattanooga, TN-GA"
13051,42340,"Savannah, GA"
13053,17980,"Columbus, GA-AL"
13055,44900,"Summerville, GA"
13057,12060,"Atlanta-Sandy Springs-Alpharetta, GA"
13059,12020,"Athens-Clarke County, GA"
13063,12060,"Atlanta-Sandy Springs-Alpharetta, GA"
13067,12060,"Atlanta-Sandy Springs-Alpharetta, GA"
13069,20060,"Douglas, GA"
13071,34220,"Moultrie, GA"
13073,12260,"Augusta-Richmond County, GA-SC"
13077,12060,"Atlanta-Sandy Springs-Alpharetta, GA"
13079,31420,"Macon-Bibb County, GA"
13081,18380,"Cordele, GA"
13083,16860,"Chattanooga, TN-GA"
13085,12060,"Atlanta-Sandy Springs-Alpharetta, GA"
13087,12460,"Bainbridge, GA"
13089,12060,"Atlanta-Sandy Springs-Alpharetta, GA"
13095,10500,"Albany, GA"
13097,12060,"Atlanta-Sandy Springs-Alpharetta, GA"
13101,46660,"Valdosta, GA"
13103,42340,"Savannah, GA"
13113,12060,"Atlanta-Sandy Springs-Alpharetta, GA"
13115,40660,"Rome, GA"
13117,12060,"Atlanta-Sandy Springs-Alpharetta, GA"
13121,12060,"Atlanta-Sandy Springs-Alpharetta, GA"
13127,15260,"Brunswick, GA"
13129,15660,"Calhoun, GA"
13135,12060,"Atlanta-Sandy Springs-Alpharetta, GA"
13137,18460,"Cornelia, GA"
13139,23580,"Gainesville, GA"
13141,33300,"Milledgeville, GA"
13143,12060,"Atlanta-Sandy Springs-Alpharetta, GA"
13145,17980,"Columbus, GA-AL"
13149,12060,"Atlanta-Sandy Springs-Alpharetta, GA"
13151,12060,"Atlanta-Sandy Springs-Alpharetta, GA"
13153,47580,"Warner Robins, GA"
13157,27600,"Jefferson, GA"
13159,12060,"Atlanta-Sandy Springs-Alpharetta, GA"
13167,20140,"Dublin, GA"
13169,31420,"Macon-Bibb County, GA"
13171,12060,"Atlanta-Sandy Springs-Alpharetta, GA"
13173,46660,"Valdosta, GA"
13175,20140,"Dublin, GA"
13177,10500,"Albany, GA"
13179,25980,"Hinesville, GA"
13181,12260,"Augusta-Richmond County, GA-SC"
13183,25980,"Hinesville, GA"
13185,46660,"Valdosta, GA"
13189,12260,"Augusta-Richmond County, GA-SC"
13191,15260,"Brunswick, GA"
13195,12020,"Athens-Clarke County, GA"
13197,17980,"Columbus, GA-AL"
13199,12060,"Atlanta-Sandy Springs-Alpharetta, GA"
13207,31420,"Macon-Bibb County, GA"
13209,47080,"Vidalia, GA"
13211,12060,"Atlanta-Sandy Springs-Alpharetta, GA"
13213,19140,"Dalton, GA"
13215,17980,"Columbus, GA-AL"
13217,12060,"Atlanta-Sandy Springs-Alpharetta, GA"
13219,12020,"Athens-Clarke County, GA"
13221,12020,"Athens-Clarke County, GA"
13223,12060,"Atlanta-Sandy Springs-Alpharetta, GA"
13225,47580,"Warner Robins, GA"
13227,12060,"Atlanta-Sandy Springs-Alpharetta, GA"
13229,48180,"Waycross, GA"
13231,12060,"Atlanta-Sandy Springs-Alpharetta, GA"
13233,16340,"Cedartown, GA"
13239,21640,"Eufaula, AL-GA"
13245,12260,"Augusta-Richmond County, GA-SC"
13247,12060,"Atlanta-Sandy Springs-Alpharetta, GA"
13249,11140,"Americus, GA"
13255,12060,"Atlanta-Sandy Springs-Alpharetta, GA"
13257,45740,"Toccoa, GA"
13259,17980,"Columbus, GA-AL"
13261,11140,"Americus, GA"
13263,17980,"Columbus, GA-AL"
13273,10500,"Albany, GA"
13275,45620,"Thomasville, GA"
13277,45700,"Tifton, GA"
13279,47080,"Vidalia, GA"
13283,20140,"Dublin, GA"
13285,29300,"LaGrange, GA-AL"
13289,31420,"Macon-Bibb County, GA"
13293,45580,"Thomaston, GA"
13295,16860,"Chattanooga, TN-GA"
13297,12060,"Atlanta-Sandy Springs-Alpharetta, GA"
13299,48180,"Waycross, GA"
13305,27700,"Jesup, GA"
13313,19140,"Dalton, GA"
13321,10500,"Albany, GA"
16001,14260,"Boise City, ID"
16005,38540,"Pocatello, ID"
16011,13940,"Blackfoot, ID"
16013,25200,"Hailey, ID"
16015,14260,"Boise City, ID"
16017,41760,"Sandpoint, ID"
16019,26820,"Idaho Falls, ID"
16023,26820,"Idaho Falls, ID"
16025,25200,"Hailey, ID"
16027,14260,"Boise City, ID"
16031,15420,"Burley, ID"
16039,34300,"Mountain Home, ID"
16041,30860,"Logan, UT-ID"
16043,39940,"Rexburg, ID"
16045,14260,"Boise City, ID"
16051,26820,"Idaho Falls, ID"
16053,46300,"Twin Falls, ID"
16055,17660,"Coeur d'Alene, ID"
16057,34140,"Moscow, ID"
16065,39940,"Rexburg, ID"
16067,15420,"Burley, ID"
16069,30300,"Lewiston, ID-WA"
16073,14260,"Boise City, ID"
16075,36620,"Ontario, OR-ID"
16077,38540,"Pocatello, ID"
16081,27220,"Jackson, WY-ID"
16083,46300,"Twin Falls, ID"
17001,39500,"Quincy, IL-MO"
17003,16020,"Cape Girardeau, MO-IL"
17005,41180,"St. Louis, MO-IL"
17007,40420,"Rockford, IL"
17011,36837,"Ottawa, IL"
17013,41180,"St. Louis, MO-IL"
17019,16580,"Champaign-Urbana, IL"
17021,45380,"Taylorville, IL"
17027,41180,"St. Louis, MO-IL"
17029,16660,"Charleston-Mattoon, IL"
17031,16980,"Chicago-Naperville-Elgin, IL-IN-WI"
17035,16660,"Charleston-Mattoon, IL"
17037,16980,"Chicago-Naperville-Elgin, IL-IN-WI"
17043,16980,"Chicago-Naperville-Elgin, IL-IN-WI"
17049,20820,"Effingham, IL"
17057,37900,"Peoria, IL"
17063,16980,"Chicago-Naperville-Elgin, IL-IN-WI"
17067,22800,"Fort Madison-Keokuk, IA-IL-MO"
17071,15460,"Burlington, IA-IL"
17073,19340,"Davenport-Moline-Rock Island, IA-IL"
17077,16060,"Carbondale-Marion, IL"
17081,34500,"Mount Vernon, IL"
17083,41180,"St. Louis, MO-IL"
17087,16060,"Carbondale-Marion, IL"
17089,16980,"Chicago-Naperville-Elgin, IL-IN-WI"
17091,28100,"Kankakee, IL"
17093,16980,"Chicago-Naperville-Elgin, IL-IN-WI"
17095,23660,"Galesburg, IL"
17097,16980,"Chicago-Naperville-Elgin, IL-IN-WI"
17099,36837,"Ottawa, IL"
17103,19940,"Dixon, IL"
17105,38700,"Pontiac, IL"
17107,30660,"Lincoln, IL"
17109,31380,"Macomb, IL"
17111,16980,"Chicago-Naperville-Elgin, IL-IN-WI"
17113,14010,"Bloomington, IL"
17115,19500,"Decatur, IL"
17117,41180,"St. Louis, MO-IL"
17119,41180,"St. Louis, MO-IL"
17121,16460,"Centralia, IL"
17123,37900,"Peoria, IL"
17127,37140,"Paducah, KY-IL"
17129,44100,"Springfield, IL"
17131,19340,"Davenport-Moline-Rock Island, IA-IL"
17133,41180,"St. Louis, MO-IL"
17137,27300,"Jacksonville, IL"
17141,40300,"Rochelle, IL"
17143,37900,"Peoria, IL"
17147,16580,"Champaign-Urbana, IL"
17155,36837,"Ottawa, IL"
17161,19340,"Davenport-Moline-Rock Island, IA-IL"
17163,41180,"St. Louis, MO-IL"
17167,44100,"Springfield, IL"
17171,27300,"Jacksonville, IL"
17175,37900,"Peoria, IL"
17177,23300,"Freeport, IL"
17179,37900,"Peoria, IL"
17183,19180,"Danville, IL"
17195,44580,"Sterling, IL"
17197,16980,"Chicago-Naperville-Elgin, IL-IN-WI"
17199,16060,"Carbondale-Marion, IL"
17201,40420,"Rockford, IL"
17203,37900,"Peoria, IL"
18001,19540,"Decatur, IN"
18003,23060,"Fort Wayne, IN"
18005,18020,"Columbus, IN"
18007,29200,"Lafayette-West Lafayette, IN"
18011,26900,"Indianapolis-Carmel-Anderson, IN"
18013,26900,"Indianapolis-Carmel-Anderson, IN"
18015,29200,"Lafayette-West Lafayette, IN"
18017,30900,"Logansport, IN"
18019,31140,"Louisville/Jefferson County, KY-IN"
18021,45460,"Terre Haute, IN"
18023,23140,"Frankfort, IN"
18027,47780,"Washington, IN"
18029,17140,"Cincinnati, OH-KY-IN"
18031,24700,"Greensburg, IN"
18033,12140,"Auburn, IN"
18035,34620,"Muncie, IN"
18037,27540,"Jasper, IN"
18039,21140,"Elkhart-Goshen, IN"
18041,18220,"Connersville, IN"
18043,31140,"Louisville/Jefferson County, KY-IN"
18047,17140,"Cincinnati, OH-KY-IN"
18053,31980,"Marion, IN"
18057,26900,"Indianapolis-Carmel-Anderson, IN"
18059,26900,"Indianapolis-Carmel-Anderson, IN"
18061,31140,"Louisville/Jefferson County, KY-IN"
18063,26900,"Indianapolis-Carmel-Anderson, IN"
18065,35220,"New Castle, IN"
18067,29020,"Kokomo, IN"
18069,26540,"Huntington, IN"
18071,42980,"Seymour, IN"
18073,16980,"Chicago-Naperville-Elgin, IL-IN-WI"
18077,31500,"Madison, IN"
18079,35860,"North Vernon, IN"
18081,26900,"Indianapolis-Carmel-Anderson, IN"
18083,47180,"Vincennes, IN"
18085,47700,"Warsaw, IN"
18089,16980,"Chicago-Naperville-Elgin, IL-IN-WI"
18091,33140,"Michigan City-La Porte, IN"
18093,13260,"Bedford, IN"
18095,26900,"Indianapolis-Carmel-Anderson, IN"
18097,26900,"Indianapolis-Carmel-Anderson, IN"
18099,38500,"Plymouth, IN"
18103,37940,"Peru, IN"
18105,14020,"Bloomington, IN"
18107,18820,"Crawfordsville, IN"
18109,26900,"Indianapolis-Carmel-Anderson, IN"
18111,16980,"Chicago-Naperville-Elgin, IL-IN-WI"
18113,28340,"Kendallville, IN"
18115,17140,"Cincinnati, OH-KY-IN"
18119,14020,"Bloomington, IN"
18121,45460,"Terre Haute, IN"
18125,27540,"Jasper, IN"
18127,16980,"Chicago-Naperville-Elgin, IL-IN-WI"
18129,21780,"Evansville, IN-KY"
18133,26900,"Indianapolis-Carmel-Anderson, IN"
18141,43780,"South Bend-Mishawaka, IN-MI"
18143,42500,"Scottsburg, IN"
18145,26900,"Indianapolis-Carmel-Anderson, IN"
18151,11420,"Angola, IN"
18153,45460,"Terre Haute, IN"
18157,29200,"Lafayette-West Lafayette, IN"
18161,17140,"Cincinnati, OH-KY-IN"
18163,21780,"Evansville, IN-KY"
18165,45460,"Terre Haute, IN"
18167,45460,"Terre Haute, IN"
18169,47340,"Wabash, IN"
18171,29200,"Lafayette-West Lafayette, IN"
18173,21780,"Evansville, IN-KY"
18175,31140,"Louisville/Jefferson County, KY-IN"
18177,39980,"Richmond, IN"
18179,14160,"Bluffton, IN"
18183,23060,"Fort Wayne, IN"
19011,16300,"Cedar Rapids, IA"
19013,47940,"Waterloo-Cedar Falls, IA"
19015,11180,"Ames, IA"
19017,47940,"Waterloo-Cedar Falls, IA"
19021,44740,"Storm Lake, IA"
19027,16140,"Carroll, IA"
19033,32380,"Mason City, IA"
19041,43980,"Spencer, IA"
19045,17540,"Clinton, IA"
19049,19780,"Des Moines-West Des Moines, IA"
19057,15460,"Burlington, IA-IL"
19059,44020,"Spirit Lake, IA"
19061,20220,"Dubuque, IA"
19075,47940,"Waterloo-Cedar Falls, IA"
19077,19780,"Des Moines-West Des Moines, IA"
19085,36540,"Omaha-Council Bluffs, NE-IA"
19099,19780,"Des Moines-West Des Moines, IA"
19101,21840,"Fairfield, IA"
19103,26980,"Iowa City, IA"
19105,16300,"Cedar Rapids, IA"
19111,22800,"Fort Madison-Keokuk, IA-IL-MO"
19113,16300,"Cedar Rapids, IA"
19121,19780,"Des Moines-West Des Moines, IA"
19123,36820,"Oskaloosa, IA"
19125,37800,"Pella, IA"
19127,32260,"Marshalltown, IA"
19129,36540,"Omaha-Council Bluffs, NE-IA"
19139,34700,"Muscatine, IA"
19153,19780,"Des Moines-West Des Moines, IA"
19155,36540,"Omaha-Council Bluffs, NE-IA"
19163,19340,"Davenport-Moline-Rock Island, IA-IL"
19169,11180,"Ames, IA"
19179,36900,"Ottumwa, IA"
19181,19780,"Des Moines-West Des Moines, IA"
19183,26980,"Iowa City, IA"
19187,22700,"Fort Dodge, IA"
19193,43580,"Sioux City, IA-NE-SD"
19195,32380,"Mason City, IA"
20005,11860,"Atchison, KS"
20009,24460,"Great Bend, KS"
20015,48620,"Wichita, KS"
20017,21380,"Emporia, KS"
20035,49060,"Winfield, KS"
20037,38260,"Pittsburg, KS"
20043,41140,"St. Joseph, MO-KS"
20045,29940,"Lawrence, KS"
20051,25700,"Hays, KS"
20055,23780,"Garden City, KS"
20057,19980,"Dodge City, KS"
20059,36840,"Ottawa, KS"
20061,31740,"Manhattan, KS"
20079,48620,"Wichita, KS"
20085,45820,"Topeka, KS"
20087,45820,"Topeka, KS"
20091,28140,"Kansas City, MO-KS"
20093,23780,"Garden City, KS"
20099,37660,"Parsons, KS"
20103,28140,"Kansas City, MO-KS"
20107,28140,"Kansas City, MO-KS"
20111,21380,"Emporia, KS"
20113,32700,"McPherson, KS"
20121,28140,"Kansas City, MO-KS"
20125,17700,"Coffeyville, KS"
20139,45820,"Topeka, KS"
20143,41460,"Salina, KS"
20149,31740,"Manhattan, KS"
20155,26740,"Hutchinson, KS"
20161,31740,"Manhattan, KS"
20169,41460,"Salina, KS"
20173,48620,"Wichita, KS"
20175,30580,"Liberal, KS"
20177,45820,"Topeka, KS"
20191,48620,"Wichita, KS"
20197,45820,"Topeka, KS"
20209,28140,"Kansas City, MO-KS"
21003,14540,"Bowling Green, KY"
21005,23180,"Frankfort, KY"
21007,37140,"Paducah, KY-IL"
21009,23980,"Glasgow, KY"
21011,34460,"Mount Sterling, KY"
21013,33180,"Middlesborough, KY"
21015,17140,"Cincinnati, OH-KY-IN"
21017,30460,"Lexington-Fayette, KY"
21019,26580,"Huntington-Ashland, WV-KY-OH"
21021,19220,"Danville, KY"
21023,17140,"Cincinnati, OH-KY-IN"
21029,31140,"Louisville/Jefferson County, KY-IN"
21031,14540,"Bowling Green, KY"
21035,34660,"Murray, KY"
21037,17140,"Cincinnati, OH-KY-IN"
21043,26580,"Huntington-Ashland, WV-KY-OH"
21047,17300,"Clarksville, TN-KY"
21049,30460,"Lexington-Fayette, KY"
21051,30940,"London, KY"
21059,36980,"Owensboro, KY"
21061,14540,"Bowling Green, KY"
21065,40080,"Richmond-Berea, KY"
21067,30460,"Lexington-Fayette, KY"
21073,23180,"Frankfort, KY"
21077,17140,"Cincinnati, OH-KY-IN"
21081,17140,"Cincinnati, OH-KY-IN"
21083,32460,"Mayfield, KY"
21087,15820,"Campbellsville, KY"
21089,26580,"Huntington-Ashland, WV-KY-OH"
21091,36980,"Owensboro, KY"
21093,21060,"Elizabethtown-Fort Knox, KY"
21101,21780,"Evansville, IN-KY"
21103,31140,"Louisville/Jefferson County, KY-IN"
21107,31580,"Madisonville, KY"
21111,31140,"Louisville/Jefferson County, KY-IN"
21113,30460,"Lexington-Fayette, KY"
21117,17140,"Cincinnati, OH-KY-IN"
21121,30940,"London, KY"
21123,21060,"Elizabethtown-Fort Knox, KY"
21125,30940,"London, KY"
21137,19220,"Danville, KY"
21139,37140,"Paducah, KY-IL"
21145,37140,"Paducah, KY-IL"
21149,36980,"Owensboro, KY"
21151,40080,"Richmond-Berea, KY"
21161,32500,"Maysville, KY"
21163,21060,"Elizabethtown-Fort Knox, KY"
21165,34460,"Mount Sterling, KY"
21169,23980,"Glasgow, KY"
21173,34460,"Mount Sterling, KY"
21177,16420,"Central City, KY"
21179,12680,"Bardstown, KY"
21185,31140,"Louisville/Jefferson County, KY-IN"
21191,17140,"Cincinnati, OH-KY-IN"
21199,43700,"Somerset, KY"
21209,30460,"Lexington-Fayette, KY"
21211,31140,"Louisville/Jefferson County, KY-IN"
21215,31140,"Louisville/Jefferson County, KY-IN"
21217,15820,"Campbellsville, KY"
21221,17300,"Clarksville, TN-KY"
21227,14540,"Bowling Green, KY"
21235,30940,"London, KY"
21239,30460,"Lexington-Fayette, KY"
22001,29180,"Lafayette, LA"
22005,12940,"Baton Rouge, LA"
22007,12940,"Baton Rouge, LA"
22011,19760,"DeRidder, LA"
22015,43340,"Shreveport-Bossier City, LA"
22017,43340,"Shreveport-Bossier City, LA"
22019,29340,"Lake Charles, LA"
22023,29340,"Lake Charles, LA"
22029,35020,"Natchez, MS-LA"
22031,43340,"Shreveport-Bossier City, LA"
22033,12940,"Baton Rouge, LA"
22037,12940,"Baton Rouge, LA"
22043,10780,"Alexandria, LA"
22045,29180,"Lafayette, LA"
22047,12940,"Baton Rouge, LA"
22051,35380,"New Orleans-Metairie, LA"
22053,27660,"Jennings, LA"
22055,29180,"Lafayette, LA"
22057,26380,"Houma-Thibodaux, LA"
22061,40820,"Ruston, LA"
22063,12940,"Baton Rouge, LA"
22067,33740,"Monroe, LA"
22069,35060,"Natchitoches, LA"
22071,35380,"New Orleans-Metairie, LA"
22073,33740,"Monroe, LA"
22075,35380,"New Orleans-Metairie, LA"
22077,12940,"Baton Rouge, LA"
22079,10780,"Alexandria, LA"
22087,35380,"New Orleans-Metairie, LA"
22089,35380,"New Orleans-Metairie, LA"
22091,12940,"Baton Rouge, LA"
22093,35380,"New Orleans-Metairie, LA"
22095,35380,"New Orleans-Metairie, LA"
22097,36660,"Opelousas, LA"
22099,29180,"Lafayette, LA"
22101,34020,"Morgan City, LA"
22103,35380,"New Orleans-Metairie, LA"
22105,25220,"Hammond, LA"
22109,26380,"Houma-Thibodaux, LA"
22111,33740,"Monroe, LA"
22113,29180,"Lafayette, LA"
22115,22860,"Fort Polk South, LA"
22117,14220,"Bogalusa, LA"
22119,33380,"Minden, LA"
22121,12940,"Baton Rouge, LA"
22125,12940,"Baton Rouge, LA"
23001,30340,"Lewiston-Auburn, ME"
23005,38860,"Portland-South Portland, ME"
23011,12300,"Augusta-Waterville, ME"
23019,12620,"Bangor, ME"
23023,38860,"Portland-South Portland, ME"
23031,38860,"Portland-South Portland, ME"
24001,19060,"Cumberland, MD-WV"
24003,12580,"Baltimore-Columbia-Towson, MD"
24005,12580,"Baltimore-Columbia-Towson, MD"
24009,47900,"Washington-Arlington-Alexandria, DC-VA-MD-WV"
24013,12580,"Baltimore-Columbia-Towson, MD"
24015,37980,"Philadelphia-Camden-Wilmington, PA-NJ-DE-MD"
24017,47900,"Washington-Arlington-Alexandria, DC-VA-MD-WV"
24019,15700,"Cambridge, MD"
24021,47900,"Washington-Arlington-Alexandria, DC-VA-MD-WV"
24025,12580,"Baltimore-Columbia-Towson, MD"
24027,12580,"Baltimore-Columbia-Towson, MD"
24031,47900,"Washington-Arlington-Alexandria, DC-VA-MD-WV"
24033,47900,"Washington-Arlington-Alexandria, DC-VA-MD-WV"
24035,12580,"Baltimore-Columbia-Towson, MD"
24037,15680,"California-Lexington Park, MD"
24039,41540,"Salisbury, MD-DE"
24041,20660,"Easton, MD"
24043,25180,"Hagerstown-Martinsburg, MD-WV"
24045,41540,"Salisbury, MD-DE"
24047,41540,"Salisbury, MD-DE"
24510,12580,"Baltimore-Columbia-Towson, MD"
25001,12700,"Barnstable Town, MA"
25003,38340,"Pittsfield, MA"
25005,39300,"Providence-Warwick, RI-MA"
25007,47240,"Vineyard Haven, MA"
25009,14460,"Boston-Cambridge-Newton, MA-NH"
25011,44140,"Springfield, MA"
25013,44140,"Springfield, MA"
25015,44140,"Springfield, MA"
25017,14460,"Boston-Cambridge-Newton, MA-NH"
25021,14460,"Boston-Cambridge-Newton, MA-NH"
25023,14460,"Boston-Cambridge-Newton, MA-NH"
25025,14460,"Boston-Cambridge-Newton, MA-NH"
25027,49340,"Worcester, MA-CT"
26005,26090,"Holland, MI"
26007,10980,"Alpena, MI"
26017,13020,"Bay City, MI"
26019,45900,"Traverse City, MI"
26021,35660,"Niles, MI"
26023,17740,"Coldwater, MI"
26025,12980,"Battle Creek, MI"
26027,43780,"South Bend-Mishawaka, IN-MI"
26033,42300,"Sault Ste. Marie, MI"
26037,29620,"Lansing-East Lansing, MI"
26041,21540,"Escanaba, MI"
26043,27020,"Iron Mountain, MI-WI"
26045,29620,"Lansing-East Lansing, MI"
26049,22420,"Flint, MI"
26055,45900,"Traverse City, MI"
26057,10940,"Alma, MI"
26059,25880,"Hillsdale, MI"
26061,26340,"Houghton, MI"
26065,29620,"Lansing-East Lansing, MI"
26067,24340,"Grand Rapids-Kentwood, MI"
26073,34380,"Mount Pleasant, MI"
26075,27100,"Jackson, MI"
26077,28020,"Kalamazoo-Portage, MI"
26079,45900,"Traverse City, MI"
26081,24340,"Grand Rapids-Kentwood, MI"
26083,26340,"Houghton, MI"
26087,19820,"Detroit-Warren-Dearborn, MI"
26089,45900,"Traverse City, MI"
26091,10300,"Adrian, MI"
26093,19820,"Detroit-Warren-Dearborn, MI"
26099,19820,"Detroit-Warren-Dearborn, MI"
26103,32100,"Marquette, MI"
26105,31220,"Ludington, MI"
26107,13660,"Big Rapids, MI"
26109,31940,"Marinette, WI-MI"
26111,33220,"Midland, MI"
26113,15620,"Cadillac, MI"
26115,33780,"Monroe, MI"
26117,24340,"Grand Rapids-Kentwood, MI"
26121,34740,"Muskegon, MI"
26125,19820,"Detroit-Warren-Dearborn, MI"
26139,24340,"Grand Rapids-Kentwood, MI"
26145,40980,"Saginaw, MI"
26147,19820,"Detroit-Warren-Dearborn, MI"
26149,44780,"Sturgis, MI"
26155,29620,"Lansing-East Lansing, MI"
26161,11460,"Ann Arbor, MI"
26163,19820,"Detroit-Warren-Dearborn, MI"
26165,15620,"Cadillac, MI"
27003,33460,"Minneapolis-St. Paul-Bloomington, MN-WI"
27007,13420,"Bemidji, MN"
27009,41060,"St. Cloud, MN"
27013,31860,"Mankato, MN"
27015,35580,"New Ulm, MN"
27017,20260,"Duluth, MN-WI"
27019,33460,"Minneapolis-St. Paul-Bloomington, MN-WI"
27021,14660,"Brainerd, MN"
27025,33460,"Minneapolis-St. Paul-Bloomington, MN-WI"
27027,22020,"Fargo, ND-MN"
27035,14660,"Brainerd, MN"
27037,33460,"Minneapolis-St. Paul-Bloomington, MN-WI"
27039,40340,"Rochester, MN"
27041,10820,"Alexandria, MN"
27045,40340,"Rochester, MN"
27047,10660,"Albert Lea, MN"
27049,39860,"Red Wing, MN"
27053,33460,"Minneapolis-St. Paul-Bloomington, MN-WI"
27055,29100,"La Crosse-Onalaska, WI-MN"
27059,33460,"Minneapolis-St. Paul-Bloomington, MN-WI"
27061,24330,"Grand Rapids, MN"
27067,48820,"Willmar, MN"
27075,20260,"Duluth, MN-WI"
27079,33460,"Minneapolis-St. Paul-Bloomington, MN-WI"
27083,32140,"Marshall, MN"
27085,26780,"Hutchinson, MN"
27091,21860,"Fairmont, MN"
27095,33460,"Minneapolis-St. Paul-Bloomington, MN-WI"
27099,12380,"Austin, MN"
27103,31860,"Mankato, MN"
27105,49380,"Worthington, MN"
27109,40340,"Rochester, MN"
27111,22260,"Fergus Falls, MN"
27119,24220,"Grand Forks, ND-MN"
27123,33460,"Minneapolis-St. Paul-Bloomington, MN-WI"
27131,22060,"Faribault-Northfield, MN"
27137,20260,"Duluth, MN-WI"
27139,33460,"Minneapolis-St. Paul-Bloomington, MN-WI"
27141,33460,"Minneapolis-St. Paul-Bloomington, MN-WI"
27145,41060,"St. Cloud, MN"
27147,36940,"Owatonna, MN"
27157,40340,"Rochester, MN"
27163,33460,"Minneapolis-St. Paul-Bloomington, MN-WI"
27167,47420,"Wahpeton, ND-MN"
27169,49100,"Winona, MN"
27171,33460,"Minneapolis-St. Paul-Bloomington, MN-WI"
28001,35020,"Natchez, MS-LA"
28003,18420,"Corinth, MS"
28011,17380,"Cleveland, MS"
28015,24900,"Greenwood, MS"
28023,32940,"Meridian, MS"
28025,48500,"West Point, MS"
28027,17260,"Clarksdale, MS"
28029,27140,"Jackson, MS"
28031,25620,"Hattiesburg, MS"
28033,32820,"Memphis, TN-MS-AR"
28035,25620,"Hattiesburg, MS"
28043,24980,"Grenada, MS"
28045,25060,"Gulfport-Biloxi, MS"
28047,25060,"Gulfport-Biloxi, MS"
28049,27140,"Jackson, MS"
28051,27140,"Jackson, MS"
28057,46180,"Tupelo, MS"
28059,25060,"Gulfport-Biloxi, MS"
28061,29860,"Laurel, MS"
28067,29860,"Laurel, MS"
28069,32940,"Meridian, MS"
28071,37060,"Oxford, MS"
28073,25620,"Hattiesburg, MS"
28075,32940,"Meridian, MS"
28081,46180,"Tupelo, MS"
28083,24900,"Greenwood, MS"
28085,15020,"Brookhaven, MS"
28087,18060,"Columbus, MS"
28089,27140,"Jackson, MS"
28093,32820,"Memphis, TN-MS-AR"
28105,44260,"Starkville, MS"
28109,38100,"Picayune, MS"
28111,25620,"Hattiesburg, MS"
28113,32620,"McComb, MS"
28115,46180,"Tupelo, MS"
28117,46180,"Tupelo, MS"
28121,27140,"Jackson, MS"
28127,27140,"Jackson, MS"
28131,25060,"Gulfport-Biloxi, MS"
28133,26940,"Indianola, MS"
28137,32820,"Memphis, TN-MS-AR"
28143,32820,"Memphis, TN-MS-AR"
28149,46980,"Vicksburg, MS"
28151,24740,"Greenville, MS"
28155,44260,"Starkville, MS"
28163,27140,"Jackson, MS"
29001,28860,"Kirksville, MO"
29003,41140,"St. Joseph, MO-KS"
29007,33020,"Mexico, MO"
29013,28140,"Kansas City, MO-KS"
29017,16020,"Cape Girardeau, MO-IL"
29019,17860,"Columbia, MO"
29021,41140,"St. Joseph, MO-KS"
29023,38740,"Poplar Bluff, MO"
29025,28140,"Kansas City, MO-KS"
29027,27620,"Jefferson City, MO"
29031,16020,"Cape Girardeau, MO-IL"
29037,28140,"Kansas City, MO-KS"
29043,44180,"Springfield, MO"
29045,22800,"Fort Madison-Keokuk, IA-IL-MO"
29047,28140,"Kansas City, MO-KS"
29049,28140,"Kansas City, MO-KS"
29051,27620,"Jefferson City, MO"
29053,17860,"Columbia, MO"
29059,44180,"Springfield, MO"
29063,41140,"St. Joseph, MO-KS"
29069,28380,"Kennett, MO"
29071,41180,"St. Louis, MO-IL"
29077,44180,"Springfield, MO"
29089,17860,"Columbia, MO"
29091,48460,"West Plains, MO"
29095,28140,"Kansas City, MO-KS"
29097,27900,"Joplin, MO"
29099,41180,"St. Louis, MO-IL"
29101,47660,"Warrensburg, MO"
29105,30060,"Lebanon, MO"
29107,28140,"Kansas City, MO-KS"
29111,39500,"Quincy, IL-MO"
29113,41180,"St. Louis, MO-IL"
29127,25300,"Hannibal, MO"
29135,27620,"Jefferson City, MO"
29145,27900,"Joplin, MO"
29147,32340,"Maryville, MO"
29151,27620,"Jefferson City, MO"
29159,42740,"Sedalia, MO"
29161,40620,"Rolla, MO"
29165,28140,"Kansas City, MO-KS"
29167,44180,"Springfield, MO"
29169,22780,"Fort Leonard Wood, MO"
29173,25300,"Hannibal, MO"
29175,33620,"Moberly, MO"
29177,28140,"Kansas City, MO-KS"
29181,38740,"Poplar Bluff, MO"
29183,41180,"St. Louis, MO-IL"
29187,22100,"Farmington, MO"
29189,41180,"St. Louis, MO-IL"
29195,32180,"Marshall, MO"
29197,28860,"Kirksville, MO"
29201,43460,"Sikeston, MO"
29213,14700,"Branson, MO"
29219,41180,"St. Louis, MO-IL"
29225,44180,"Springfield, MO"
29510,41180,"St. Louis, MO-IL"
30009,13740,"Billings, MT"
30013,24500,"Great Falls, MT"
30029,28060,"Kalispell, MT"
30031,14580,"Bozeman, MT"
30043,25740,"Helena, MT"
30049,25740,"Helena, MT"
30063,33540,"Missoula, MT"
30093,15580,"Butte-Silver Bow, MT"
30095,13740,"Billings, MT"
30111,13740,"Billings, MT"
31001,25580,"Hastings, NE"
31007,42420,"Scottsbluff, NE"
31019,28260,"Kearney, NE"
31025,36540,"Omaha-Council Bluffs, NE-IA"
31043,43580,"Sioux City, IA-NE-SD"
31047,30420,"Lexington, NE"
31051,43580,"Sioux City, IA-NE-SD"
31053,23340,"Fremont, NE"
31055,36540,"Omaha-Council Bluffs, NE-IA"
31067,13100,"Beatrice, NE"
31073,30420,"Lexington, NE"
31079,24260,"Grand Island, NE"
31093,24260,"Grand Island, NE"
31099,28260,"Kearney, NE"
31109,30700,"Lincoln, NE"
31111,35820,"North Platte, NE"
31113,35820,"North Platte, NE"
31117,35820,"North Platte, NE"
31119,35740,"Norfolk, NE"
31121,24260,"Grand Island, NE"
31139,35740,"Norfolk, NE"
31141,18100,"Columbus, NE"
31153,36540,"Omaha-Council Bluffs, NE-IA"
31155,36540,"Omaha-Council Bluffs, NE-IA"
31157,42420,"Scottsbluff, NE"
31159,30700,"Lincoln, NE"
31165,42420,"Scottsbluff, NE"
31167,35740,"Norfolk, NE"
31177,36540,"Omaha-Council Bluffs, NE-IA"
32001,21980,"Fallon, NV"
32003,29820,"Las Vegas-Henderson-Paradise, NV"
32005,23820,"Gardnerville Ranchos, NV"
32007,21220,"Elko, NV"
32011,21220,"Elko, NV"
32013,49080,"Winnemucca, NV"
32019,22280,"Fernley, NV"
32023,37220,"Pahrump, NV"
32029,39900,"Reno, NV"
32031,39900,"Reno, NV"
32510,16180,"Carson City, NV"
33001,29060,"Laconia, NH"
33005,28300,"Keene, NH"
33007,13620,"Berlin, NH"
33009,30100,"Lebanon, NH-VT"
33011,31700,"Manchester-Nashua, NH"
33013,18180,"Concord, NH"
33015,14460,"Boston-Cambridge-Newton, MA-NH"
33017,14460,"Boston-Cambridge-Newton, MA-NH"
33019,30100,"Lebanon, NH-VT"
34001,12100,"Atlantic City-Hammonton, NJ"
34003,35620,"New York-Newark-Jersey City, NY-NJ-PA"
34005,37980,"Philadelphia-Camden-Wilmington, PA-NJ-DE-MD"
34007,37980,"Philadelphia-Camden-Wilmington, PA-NJ-DE-MD"
34009,36140,"Ocean City, NJ"
34011,47220,"Vineland-Bridgeton, NJ"
34013,35620,"New York-Newark-Jersey City, NY-NJ-PA"
34015,37980,"Philadelphia-Camden-Wilmington, PA-NJ-DE-MD"
34017,35620,"New York-Newark-Jersey City, NY-NJ-PA"
34019,35620,"New York-Newark-Jersey City, NY-NJ-PA"
34021,45940,"Trenton-Princeton, NJ"
34023,35620,"New York-Newark-Jersey City, NY-NJ-PA"
34025,35620,"New York-Newark-Jersey City, NY-NJ-PA"
34027,35620,"New York-Newark-Jersey City, NY-NJ-PA"
34029,35620,"New York-Newark-Jersey City, NY-NJ-PA"
34031,35620,"New York-Newark-Jersey City, NY-NJ-PA"
34033,37980,"Philadelphia-Camden-Wilmington, PA-NJ-DE-MD"
34035,35620,"New York-Newark-Jersey City, NY-NJ-PA"
34037,35620,"New York-Newark-Jersey City, NY-NJ-PA"
34039,35620,"New York-Newark-Jersey City, NY-NJ-PA"
34041,10900,"Allentown-Bethlehem-Easton, PA-NJ"
35001,10740,"Albuquerque, NM"
35005,40740,"Roswell, NM"
35006,24380,"Grants, NM"
35009,17580,"Clovis, NM"
35013,29740,"Las Cruces, NM"
35015,16100,"Carlsbad-Artesia, NM"
35017,43500,"Silver City, NM"
35025,26020,"Hobbs, NM"
35027,40760,"Ruidoso, NM"
35028,31060,"Los Alamos, NM"
35029,19700,"Deming, NM"
35031,23700,"Gallup, NM"
35033,29780,"Las Vegas, NM"
35035,10460,"Alamogordo, NM"
35039,21580,"Española, NM"
35041,38780,"Portales, NM"
35043,10740,"Albuquerque, NM"
35045,22140,"Farmington, NM"
35047,29780,"Las Vegas, NM"
35049,42140,"Santa Fe, NM"
35055,45340,"Taos, NM"
35057,10740,"Albuquerque, NM"
35061,10740,"Albuquerque, NM"
36001,10580,"Albany-Schenectady-Troy, NY"
36005,35620,"New York-Newark-Jersey City, NY-NJ-PA"
36007,13780,"Binghamton, NY"
36009,36460,"Olean, NY"
36011,12180,"Auburn, NY"
36013,27460,"Jamestown-Dunkirk-Fredonia, NY"
36015,21300,"Elmira, NY"
36019,38460,"Plattsburgh, NY"
36021,26460,"Hudson, NY"
36023,18660,"Cortland, NY"
36027,39100,"Poughkeepsie-Newburgh-Middletown, NY"
36029,15380,"Buffalo-Cheektowaga, NY"
36033,31660,"Malone, NY"
36035,24100,"Gloversville, NY"
36037,12860,"Batavia, NY"
36043,46540,"Utica-Rome, NY"
36045,48060,"Watertown-Fort Drum, NY"
36047,35620,"New York-Newark-Jersey City, NY-NJ-PA"
36051,40380,"Rochester, NY"
36053,45060,"Syracuse, NY"
36055,40380,"Rochester, NY"
36057,11220,"Amsterdam, NY"
36059,35620,"New York-Newark-Jersey City, NY-NJ-PA"
36061,35620,"New York-Newark-Jersey City, NY-NJ-PA"
36063,15380,"Buffalo-Cheektowaga, NY"
36065,46540,"Utica-Rome, NY"
36067,45060,"Syracuse, NY"
36069,40380,"Rochester, NY"
36071,39100,"Poughkeepsie-Newburgh-Middletown, NY"
36073,40380,"Rochester, NY"
36075,45060,"Syracuse, NY"
36077,36580,"Oneonta, NY"
36079,35620,"New York-Newark-Jersey City, NY-NJ-PA"
36081,35620,"New York-Newark-Jersey City, NY-NJ-PA"
36083,10580,"Albany-Schenectady-Troy, NY"
36085,35620,"New York-Newark-Jersey City, NY-NJ-PA"
36087,35620,"New York-Newark-Jersey City, NY-NJ-PA"
36089,36300,"Ogdensburg-Massena, NY"
36091,10580,"Albany-Schenectady-Troy, NY"
36093,10580,"Albany-Schenectady-Troy, NY"
36095,10580,"Albany-Schenectady-Troy, NY"
36099,42900,"Seneca Falls, NY"
36101,18500,"Corning, NY"
36103,35620,"New York-Newark-Jersey City, NY-NJ-PA"
36107,13780,"Binghamton, NY"
36109,27060,"Ithaca, NY"
36111,28740,"Kingston, NY"
36113,24020,"Glens Falls, NY"
36115,24020,"Glens Falls, NY"
36117,40380,"Rochester, NY"
36119,35620,"New York-Newark-Jersey City, NY-NJ-PA"
36123,40380,"Rochester, NY"
37001,15500,"Burlington, NC"
37003,25860,"Hickory-Lenoir-Morganton, NC"
37007,16740,"Charlotte-Concord-Gastonia, NC-SC"
37013,47820,"Washington, NC"
37019,34820,"Myrtle Beach-Conway-North Myrtle Beach, SC-NC"
37021,11700,"Asheville, NC"
37023,25860,"Hickory-Lenoir-Morganton, NC"
37025,16740,"Charlotte-Concord-Gastonia, NC-SC"
37027,25860,"Hickory-Lenoir-Morganton, NC"
37029,47260,"Virginia Beach-Norfolk-Newport News, VA-NC"
37031,33980,"Morehead City, NC"
37035,25860,"Hickory-Lenoir-Morganton, NC"
37037,20500,"Durham-Chapel Hill, NC"
37045,43140,"Shelby, NC"
37049,35100,"New Bern, NC"
37051,22180,"Fayetteville, NC"
37053,47260,"Virginia Beach-Norfolk-Newport News, VA-NC"
37055,28620,"Kill Devil Hills, NC"
37057,49180,"Winston-Salem, NC"
37059,49180,"Winston-Salem, NC"
37063,20500,"Durham-Chapel Hill, NC"
37065,40580,"Rocky Mount, NC"
37067,49180,"Winston-Salem, NC"
37069,39580,"Raleigh-Cary, NC"
37071,16740,"Charlotte-Concord-Gastonia, NC-SC"
37073,47260,"Virginia Beach-Norfolk-Newport News, VA-NC"
37077,20500,"Durham-Chapel Hill, NC"
37081,24660,"Greensboro-High Point, NC"
37083,40260,"Roanoke Rapids, NC"
37085,22180,"Fayetteville, NC"
37087,11700,"Asheville, NC"
37089,11700,"Asheville, NC"
37093,22180,"Fayetteville, NC"
37097,16740,"Charlotte-Concord-Gastonia, NC-SC"
37099,19000,"Cullowhee, NC"
37101,39580,"Raleigh-Cary, NC"
37103,35100,"New Bern, NC"
37105,41820,"Sanford, NC"
37107,28820,"Kinston, NC"
37109,16740,"Charlotte-Concord-Gastonia, NC-SC"
37111,32000,"Marion, NC"
37115,11700,"Asheville, NC"
37119,16740,"Charlotte-Concord-Gastonia, NC-SC"
37125,38240,"Pinehurst-Southern Pines, NC"
37127,40580,"Rocky Mount, NC"
37129,48900,"Wilmington, NC"
37131,40260,"Roanoke Rapids, NC"
37133,27340,"Jacksonville, NC"
37135,20500,"Durham-Chapel Hill, NC"
37137,35100,"New Bern, NC"
37139,21020,"Elizabeth City, NC"
37141,48900,"Wilmington, NC"
37143,21020,"Elizabeth City, NC"
37145,20500,"Durham-Chapel Hill, NC"
37147,24780,"Greenville, NC"
37151,24660,"Greensboro-High Point, NC"
37153,40460,"Rockingham, NC"
37155,31300,"Lumberton, NC"
37157,24660,"Greensboro-High Point, NC"
37159,16740,"Charlotte-Concord-Gastonia, NC-SC"
37161,22580,"Forest City, NC"
37165,29900,"Laurinburg, NC"
37167,10620,"Albemarle, NC"
37169,49180,"Winston-Salem, NC"
37171,34340,"Mount Airy, NC"
37173,19000,"Cullowhee, NC"
37175,14820,"Brevard, NC"
37179,16740,"Charlotte-Concord-Gastonia, NC-SC"
37181,25780,"Henderson, NC"
37183,39580,"Raleigh-Cary, NC"
37189,14380,"Boone, NC"
37191,24140,"Goldsboro, NC"
37193,35900,"North Wilkesboro, NC"
37195,48980,"Wilson, NC"
37197,49180,"Winston-Salem, NC"
38007,19860,"Dickinson, ND"
38015,13900,"Bismarck, ND"
38017,22020,"Fargo, ND-MN"
38035,24220,"Grand Forks, ND-MN"
38049,33500,"Minot, ND"
38059,13900,"Bismarck, ND"
38065,13900,"Bismarck, ND"
38075,33500,"Minot, ND"
38077,47420,"Wahpeton, ND-MN"
38089,19860,"Dickinson, ND"
38093,27420,"Jamestown, ND"
38101,33500,"Minot, ND"
38105,48780,"Williston, ND"
39003,30620,"Lima, OH"
39005,11740,"Ashland, OH"
39007,11780,"Ashtabula, OH"
39009,11900,"Athens, OH"
39011,47540,"Wapakoneta, OH"
39013,48540,"Wheeling, WV-OH"
39015,17140,"Cincinnati, OH-KY-IN"
39017,17140,"Cincinnati, OH-KY-IN"
39019,15940,"Canton-Massillon, OH"
39021,46500,"Urbana, OH"
39023,44220,"Springfield, OH"
39025,17140,"Cincinnati, OH-KY-IN"
39027,48940,"Wilmington, OH"
39029,41400,"Salem, OH"
39031,18740,"Coshocton, OH"
39033,15340,"Bucyrus-Galion, OH"
39035,17460,"Cleveland-Elyria, OH"
39037,24820,"Greenville, OH"
39039,19580,"Defiance, OH"
39041,18140,"Columbus, OH"
39043,41780,"Sandusky, OH"
39045,18140,"Columbus, OH"
39047,47920,"Washington Court House, OH"
39049,18140,"Columbus, OH"
39051,45780,"Toledo, OH"
39053,38580,"Point Pleasant, WV-OH"
39055,17460,"Cleveland-Elyria, OH"
39057,19430,"Dayton-Kettering, OH"
39059,15740,"Cambridge, OH"
39061,17140,"Cincinnati, OH-KY-IN"
39063,22300,"Findlay, OH"
39073,18140,"Columbus, OH"
39077,35940,"Norwalk, OH"
39079,27160,"Jackson, OH"
39081,48260,"Weirton-Steubenville, WV-OH"
39083,34540,"Mount Vernon, OH"
39085,17460,"Cleveland-Elyria, OH"
39087,26580,"Huntington-Ashland, WV-KY-OH"
39089,18140,"Columbus, OH"
39091,13340,"Bellefontaine, OH"
39093,17460,"Cleveland-Elyria, OH"
39095,45780,"Toledo, OH"
39097,18140,"Columbus, OH"
39099,49660,"Youngstown-Warren-Boardman, OH-PA"
39101,32020,"Marion, OH"
39103,17460,"Cleveland-Elyria, OH"
39107,16380,"Celina, OH"
39109,19430,"Dayton-Kettering, OH"
39113,19430,"Dayton-Kettering, OH"
39117,18140,"Columbus, OH"
39119,49780,"Zanesville, OH"
39123,45780,"Toledo, OH"
39127,18140,"Columbus, OH"
39129,18140,"Columbus, OH"
39133,10420,"Akron, OH"
39139,31900,"Mansfield, OH"
39141,17060,"Chillicothe, OH"
39143,23380,"Fremont, OH"
39145,39020,"Portsmouth, OH"
39147,45660,"Tiffin, OH"
39149,43380,"Sidney, OH"
39151,15940,"Canton-Massillon, OH"
39153,10420,"Akron, OH"
39155,49660,"Youngstown-Warren-Boardman, OH-PA"
39157,35420,"New Philadelphia-Dover, OH"
39159,18140,"Columbus, OH"
39161,46780,"Van Wert, OH"
39165,17140,"Cincinnati, OH-KY-IN"
39167,31930,"Marietta, OH"
39169,49300,"Wooster, OH"
39173,45780,"Toledo, OH"
40009,21120,"Elk City, OK"
40013,20460,"Durant, OK"
40017,36420,"Oklahoma City, OK"
40019,11620,"Ardmore, OK"
40021,45140,"Tahlequah, OK"
40027,36420,"Oklahoma City, OK"
40031,30020,"Lawton, OK"
40033,30020,"Lawton, OK"
40037,46140,"Tulsa, OK"
40039,48220,"Weatherford, OK"
40045,49260,"Woodward, OK"
40047,21420,"Enid, OK"
40051,36420,"Oklahoma City, OK"
40065,11060,"Altus, OK"
40071,38620,"Ponca City, OK"
40081,36420,"Oklahoma City, OK"
40083,36420,"Oklahoma City, OK"
40085,11620,"Ardmore, OK"
40087,36420,"Oklahoma City, OK"
40101,34780,"Muskogee, OK"
40109,36420,"Oklahoma City, OK"
40111,46140,"Tulsa, OK"
40113,46140,"Tulsa, OK"
40115,33060,"Miami, OK"
40117,46140,"Tulsa, OK"
40119,44660,"Stillwater, OK"
40121,32540,"McAlester, OK"
40123,10220,"Ada, OK"
40125,43060,"Shawnee, OK"
40131,46140,"Tulsa, OK"
40135,22900,"Fort Smith, AR-OK"
40137,20340,"Duncan, OK"
40139,25100,"Guymon, OK"
40143,46140,"Tulsa, OK"
40145,46140,"Tulsa, OK"
40147,12780,"Bartlesville, OK"
40153,49260,"Woodward, OK"
41003,18700,"Corvallis, OR"
41005,38900,"Portland-Vancouver-Hillsboro, OR-WA"
41007,11820,"Astoria, OR"
41009,38900,"Portland-Vancouver-Hillsboro, OR-WA"
41011,18300,"Coos Bay, OR"
41013,39260,"Prineville, OR"
41015,15060,"Brookings, OR"
41017,13460,"Bend, OR"
41019,40700,"Roseburg, OR"
41027,26220,"Hood River, OR"
41029,32780,"Medford, OR"
41033,24420,"Grants Pass, OR"
41035,28900,"Klamath Falls, OR"
41039,21660,"Eugene-Springfield, OR"
41041,35440,"Newport, OR"
41043,10540,"Albany-Lebanon, OR"
41045,36620,"Ontario, OR-ID"
41047,41420,"Salem, OR"
41049,25840,"Hermiston-Pendleton, OR"
41051,38900,"Portland-Vancouver-Hillsboro, OR-WA"
41053,41420,"Salem, OR"
41059,25840,"Hermiston-Pendleton, OR"
41061,29260,"La Grande, OR"
41065,45520,"The Dalles, OR"
41067,38900,"Portland-Vancouver-Hillsboro, OR-WA"
41071,38900,"Portland-Vancouver-Hillsboro, OR-WA"
42001,23900,"Gettysburg, PA"
42003,38300,"Pittsburgh, PA"
42005,38300,"Pittsburgh, PA"
42007,38300,"Pittsburgh, PA"
42011,39740,"Reading, PA"
42013,11020,"Altoona, PA"
42015,42380,"Sayre, PA"
42017,37980,"Philadelphia-Camden-Wilmington, PA-NJ-DE-MD"
42019,38300,"Pittsburgh, PA"
42021,27780,"Johnstown, PA"
42025,10900,"Allentown-Bethlehem-Easton, PA-NJ"
42027,44300,"State College, PA"
42029,37980,"Philadelphia-Camden-Wilmington, PA-NJ-DE-MD"
42033,20180,"DuBois, PA"
42035,30820,"Lock Haven, PA"
42037,14100,"Bloomsburg-Berwick, PA"
42039,32740,"Meadville, PA"
42041,25420,"Harrisburg-Carlisle, PA"
42043,25420,"Harrisburg-Carlisle, PA"
42045,37980,"Philadelphia-Camden-Wilmington, PA-NJ-DE-MD"
42047,41260,"St. Marys, PA"
42049,21500,"Erie, PA"
42051,38300,"Pittsburgh, PA"
42055,16540,"Chambersburg-Waynesboro, PA"
42061,26500,"Huntingdon, PA"
42063,26860,"Indiana, PA"
42069,42540,"Scranton--Wilkes-Barre, PA"
42071,29540,"Lancaster, PA"
42073,35260,"New Castle, PA"
42075,30140,"Lebanon, PA"
42077,10900,"Allentown-Bethlehem-Easton, PA-NJ"
42079,42540,"Scranton--Wilkes-Barre, PA"
42081,48700,"Williamsport, PA"
42083,14620,"Bradford, PA"
42085,49660,"Youngstown-Warren-Boardman, OH-PA"
42087,30380,"Lewistown, PA"
42089,20700,"East Stroudsburg, PA"
42091,37980,"Philadelphia-Camden-Wilmington, PA-NJ-DE-MD"
42093,14100,"Bloomsburg-Berwick, PA"
42095,10900,"Allentown-Bethlehem-Easton, PA-NJ"
42097,44980,"Sunbury, PA"
42099,25420,"Harrisburg-Carlisle, PA"
42101,37980,"Philadelphia-Camden-Wilmington, PA-NJ-DE-MD"
42103,35620,"New York-Newark-Jersey City, NY-NJ-PA"
42107,39060,"Pottsville, PA"
42109,42780,"Selinsgrove, PA"
42111,43740,"Somerset, PA"
42119,30260,"Lewisburg, PA"
42121,36340,"Oil City, PA"
42123,47620,"Warren, PA"
42125,38300,"Pittsburgh, PA"
42129,38300,"Pittsburgh, PA"
42131,42540,"Scranton--Wilkes-Barre, PA"
42133,49620,"York-Hanover, PA"
44001,39300,"Providence-Warwick, RI-MA"
44003,39300,"Providence-Warwick, RI-MA"
44005,39300,"Providence-Warwick, RI-MA"
44007,39300,"Providence-Warwick, RI-MA"
44009,39300,"Providence-Warwick, RI-MA"
45003,12260,"Augusta-Richmond County, GA-SC"
45007,24860,"Greenville-Anderson, SC"
45013,25940,"Hilton Head Island-Bluffton, SC"
45015,16700,"Charleston-North Charleston, SC"
45017,17900,"Columbia, SC"
45019,16700,"Charleston-North Charleston, SC"
45021,23500,"Gaffney, SC"
45023,16740,"Charlotte-Concord-Gastonia, NC-SC"
45027,44940,"Sumter, SC"
45031,22500,"Florence, SC"
45035,16700,"Charleston-North Charleston, SC"
45037,12260,"Augusta-Richmond County, GA-SC"
45039,17900,"Columbia, SC"
45041,22500,"Florence, SC"
45043,23860,"Georgetown, SC"
45045,24860,"Greenville-Anderson, SC"
45047,24940,"Greenwood, SC"
45051,34820,"Myrtle Beach-Conway-North Myrtle Beach, SC-NC"
45053,25940,"Hilton Head Island-Bluffton, SC"
45055,17900,"Columbia, SC"
45057,16740,"Charlotte-Concord-Gastonia, NC-SC"
45059,24860,"Greenville-Anderson, SC"
45063,17900,"Columbia, SC"
45069,13500,"Bennettsville, SC"
45071,35140,"Newberry, SC"
45073,42860,"Seneca, SC"
45075,36700,"Orangeburg, SC"
45077,24860,"Greenville-Anderson, SC"
45079,17900,"Columbia, SC"
45081,17900,"Columbia, SC"
45083,43900,"Spartanburg, SC"
45085,44940,"Sumter, SC"
45087,46420,"Union, SC"
45091,16740,"Charlotte-Concord-Gastonia, NC-SC"
46005,26700,"Huron, SD"
46011,15100,"Brookings, SD"
46013,10100,"Aberdeen, SD"
46027,46820,"Vermillion, SD"
46029,47980,"Watertown, SD"
46035,33580,"Mitchell, SD"
46045,10100,"Aberdeen, SD"
46057,47980,"Watertown, SD"
46061,33580,"Mitchell, SD"
46065,38180,"Pierre, SD"
46073,26700,"Huron, SD"
46081,43940,"Spearfish, SD"
46083,43620,"Sioux Falls, SD"
46087,43620,"Sioux Falls, SD"
46093,39660,"Rapid City, SD"
46099,43620,"Sioux Falls, SD"
46103,39660,"Rapid City, SD"
46117,38180,"Pierre, SD"
46125,43620,"Sioux Falls, SD"
46127,43580,"Sioux City, IA-NE-SD"
46135,49460,"Yankton, SD"
47001,28940,"Knoxville, TN"
47003,43180,"Shelbyville, TN"
47009,28940,"Knoxville, TN"
47011,17420,"Cleveland, TN"
47013,28940,"Knoxville, TN"
47015,34980,"Nashville-Davidson--Murfreesboro--Franklin, TN"
47019,27740,"Johnson City, TN"
47021,34980,"Nashville-Davidson--Murfreesboro--Franklin, TN"
47023,27180,"Jackson, TN"
47029,35460,"Newport, TN"
47031,46100,"Tullahoma-Manchester, TN"
47033,27180,"Jackson, TN"
47035,18900,"Crossville, TN"
47037,34980,"Nashville-Davidson--Murfreesboro--Franklin, TN"
47043,34980,"Nashville-Davidson--Murfreesboro--Franklin, TN"
47045,20540,"Dyersburg, TN"
47047,32820,"Memphis, TN-MS-AR"
47051,46100,"Tullahoma-Manchester, TN"
47053,27180,"Jackson, TN"
47057,34100,"Morristown, TN"
47059,24620,"Greeneville, TN"
47063,34100,"Morristown, TN"
47065,16860,"Chattanooga, TN-GA"
47073,28700,"Kingsport-Bristol, TN-VA"
47075,15140,"Brownsville, TN"
47079,37540,"Paris, TN"
47087,18260,"Cookeville, TN"
47089,34100,"Morristown, TN"
47093,28940,"Knoxville, TN"
47099,29980,"Lawrenceburg, TN"
47105,28940,"Knoxville, TN"
47107,11940,"Athens, TN"
47111,34980,"Nashville-Davidson--Murfreesboro--Franklin, TN"
47113,27180,"Jackson, TN"
47115,16860,"Chattanooga, TN-GA"
47117,30280,"Lewisburg, TN"
47119,34980,"Nashville-Davidson--Murfreesboro--Franklin, TN"
47125,17300,"Clarksville, TN-KY"
47127,46100,"Tullahoma-Manchester, TN"
47129,28940,"Knoxville, TN"
47131,46460,"Union City, TN"
47133,18260,"Cookeville, TN"
47139,17420,"Cleveland, TN"
47141,18260,"Cookeville, TN"
47143,19420,"Dayton, TN"
47145,28940,"Knoxville, TN"
47147,34980,"Nashville-Davidson--Murfreesboro--Franklin, TN"
47149,34980,"Nashville-Davidson--Murfreesboro--Franklin, TN"
47153,16860,"Chattanooga, TN-GA"
47155,42940,"Sevierville, TN"
47157,32820,"Memphis, TN-MS-AR"
47159,34980,"Nashville-Davidson--Murfreesboro--Franklin, TN"
47161,17300,"Clarksville, TN-KY"
47163,28700,"Kingsport-Bristol, TN-VA"
47165,34980,"Nashville-Davidson--Murfreesboro--Franklin, TN"
47167,32820,"Memphis, TN-MS-AR"
47169,34980,"Nashville-Davidson--Murfreesboro--Franklin, TN"
47171,27740,"Johnson City, TN"
47173,28940,"Knoxville, TN"
47177,32660,"McMinnville, TN"
47179,27740,"Johnson City, TN"
47183,32280,"Martin, TN"
47187,34980,"Nashville-Davidson--Murfreesboro--Franklin, TN"
47189,34980,"Nashville-Davidson--Murfreesboro--Franklin, TN"
48001,37300,"Palestine, TX"
48003,11380,"Andrews, TX"
48005,31260,"Lufkin, TX"
48007,40530,"Rockport, TX"
48009,48660,"Wichita Falls, TX"
48011,11100,"Amarillo, TX"
48013,41700,"San Antonio-New Braunfels, TX"
48015,26420,"Houston-The Woodlands-Sugar Land, TX"
48019,41700,"San Antonio-New Braunfels, TX"
48021,12420,"Austin-Round Rock-Georgetown, TX"
48025,13300,"Beeville, TX"
48027,28660,"Killeen-Temple, TX"
48029,41700,"San Antonio-New Braunfels, TX"
48037,45500,"Texarkana, TX-AR"
48039,26420,"Houston-The Woodlands-Sugar Land, TX"
48041,17780,"College Station-Bryan, TX"
48049,15220,"Brownwood, TX"
48051,17780,"College Station-Bryan, TX"
48055,12420,"Austin-Round Rock-Georgetown, TX"
48057,38920,"Port Lavaca, TX"
48059,10180,"Abilene, TX"
48061,15180,"Brownsville-Harlingen, TX"
48063,34420,"Mount Pleasant, TX"
48065,11100,"Amarillo, TX"
48071,26420,"Houston-The Woodlands-Sugar Land, TX"
48073,27380,"Jacksonville, TX"
48077,48660,"Wichita Falls, TX"
48085,19100,"Dallas-Fort Worth-Arlington, TX"
48091,41700,"San Antonio-New Braunfels, TX"
48097,23620,"Gainesville, TX"
48099,28660,"Killeen-Temple, TX"
48107,31180,"Lubbock, TX"
48113,19100,"Dallas-Fort Worth-Arlington, TX"
48115,29500,"Lamesa, TX"
48117,25820,"Hereford, TX"
48121,19100,"Dallas-Fort Worth-Arlington, TX"
48131,10860,"Alice, TX"
48135,36220,"Odessa, TX"
48139,19100,"Dallas-Fort Worth-Arlington, TX"
48141,21340,"El Paso, TX"
48143,44500,"Stephenville, TX"
48145,47380,"Waco, TX"
48147,14300,"Bonham, TX"
48157,26420,"Houston-The Woodlands-Sugar Land, TX"
48163,37770,"Pearsall, TX"
48167,26420,"Houston-The Woodlands-Sugar Land, TX"
48171,23240,"Fredericksburg, TX"
48175,47020,"Victoria, TX"
48179,37420,"Pampa, TX"
48181,43300,"Sherman-Denison, TX"
48183,30980,"Longview, TX"
48187,41700,"San Antonio-New Braunfels, TX"
48189,38380,"Plainview, TX"
48199,13140,"Beaumont-Port Arthur, TX"
48201,26420,"Houston-The Woodlands-Sugar Land, TX"
48203,30980,"Longview, TX"
48209,12420,"Austin-Round Rock-Georgetown, TX"
48213,11980,"Athens, TX"
48215,32580,"McAllen-Edinburg-Mission, TX"
48219,30220,"Levelland, TX"
48221,24180,"Granbury, TX"
48223,44860,"Sulphur Springs, TX"
48227,13700,"Big Spring, TX"
48229,21340,"El Paso, TX"
48231,19100,"Dallas-Fort Worth-Arlington, TX"
48233,14420,"Borger, TX"
48235,41660,"San Angelo, TX"
48245,13140,"Beaumont-Port Arthur, TX"
48249,10860,"Alice, TX"
48251,19100,"Dallas-Fort Worth-Arlington, TX"
48253,10180,"Abilene, TX"
48257,19100,"Dallas-Fort Worth-Arlington, TX"
48259,41700,"San Antonio-New Braunfels, TX"
48261,28780,"Kingsville, TX"
48265,28500,"Kerrville, TX"
48273,28780,"Kingsville, TX"
48277,37580,"Paris, TX"
48281,28660,"Killeen-Temple, TX"
48291,26420,"Houston-The Woodlands-Sugar Land, TX"
48301,37780,"Pecos, TX"
48303,31180,"Lubbock, TX"
48305,31180,"Lubbock, TX"
48309,47380,"Waco, TX"
48317,33260,"Midland, TX"
48321,13060,"Bay City, TX"
48323,20580,"Eagle Pass, TX"
48325,41700,"San Antonio-New Braunfels, TX"
48329,33260,"Midland, TX"
48339,26420,"Houston-The Woodlands-Sugar Land, TX"
48341,20300,"Dumas, TX"
48347,34860,"Nacogdoches, TX"
48349,18620,"Corsicana, TX"
48353,45020,"Sweetwater, TX"
48355,18580,"Corpus Christi, TX"
48359,11100,"Amarillo, TX"
48361,13140,"Beaumont-Port Arthur, TX"
48363,33420,"Mineral Wells, TX"
48367,19100,"Dallas-Fort Worth-Arlington, TX"
48375,11100,"Amarillo, TX"
48381,11100,"Amarillo, TX"
48389,37780,"Pecos, TX"
48393,37420,"Pampa, TX"
48395,17780,"College Station-Bryan, TX"
48397,19100,"Dallas-Fort Worth-Arlington, TX"
48401,30980,"Longview, TX"
48409,18580,"Corpus Christi, TX"
48415,43660,"Snyder, TX"
48423,46340,"Tyler, TX"
48427,40100,"Rio Grande City-Roma, TX"
48431,41660,"San Angelo, TX"
48439,19100,"Dallas-Fort Worth-Arlington, TX"
48441,10180,"Abilene, TX"
48449,34420,"Mount Pleasant, TX"
48451,41660,"San Angelo, TX"
48453,12420,"Austin-Round Rock-Georgetown, TX"
48459,30980,"Longview, TX"
48463,46620,"Uvalde, TX"
48465,19620,"Del Rio, TX"
48469,47020,"Victoria, TX"
48471,26660,"Huntsville, TX"
48473,26420,"Houston-The Woodlands-Sugar Land, TX"
48477,14780,"Brenham, TX"
48479,29700,"Laredo, TX"
48481,20900,"El Campo, TX"
48485,48660,"Wichita Falls, TX"
48487,46900,"Vernon, TX"
48489,39700,"Raymondville, TX"
48491,12420,"Austin-Round Rock-Georgetown, TX"
48493,41700,"San Antonio-New Braunfels, TX"
48497,19100,"Dallas-Fort Worth-Arlington, TX"
48505,49820,"Zapata, TX"
49003,36260,"Ogden-Clearfield, UT"
49005,30860,"Logan, UT-ID"
49007,39220,"Price, UT"
49011,36260,"Ogden-Clearfield, UT"
49021,16260,"Cedar City, UT"
49023,39340,"Provo-Orem, UT"
49029,36260,"Ogden-Clearfield, UT"
49035,41620,"Salt Lake City, UT"
49043,25720,"Heber, UT"
49045,41620,"Salt Lake City, UT"
49047,46860,"Vernal, UT"
49049,39340,"Provo-Orem, UT"
49051,25720,"Heber, UT"
49053,41100,"St. George, UT"
49057,36260,"Ogden-Clearfield, UT"
50003,13540,"Bennington, VT"
50007,15540,"Burlington-South Burlington, VT"
50011,15540,"Burlington-South Burlington, VT"
50013,15540,"Burlington-South Burlington, VT"
50017,30100,"Lebanon, NH-VT"
50021,40860,"Rutland, VT"
50023,12740,"Barre, VT"
50027,30100,"Lebanon, NH-VT"
51003,16820,"Charlottesville, VA"
51007,40060,"Richmond, VA"
51009,31340,"Lynchburg, VA"
51011,31340,"Lynchburg, VA"
51013,47900,"Washington-Arlington-Alexandria, DC-VA-MD-WV"
51015,44420,"Staunton, VA"
51019,31340,"Lynchburg, VA"
51021,14140,"Bluefield, WV-VA"
51023,40220,"Roanoke, VA"
51031,31340,"Lynchburg, VA"
51036,40060,"Richmond, VA"
51041,40060,"Richmond, VA"
51043,47900,"Washington-Arlington-Alexandria, DC-VA-MD-WV"
51045,40220,"Roanoke, VA"
51047,47900,"Washington-Arlington-Alexandria, DC-VA-MD-WV"
51053,40060,"Richmond, VA"
51059,47900,"Washington-Arlington-Alexandria, DC-VA-MD-WV"
51061,47900,"Washington-Arlington-Alexandria, DC-VA-MD-WV"
51065,16820,"Charlottesville, VA"
51067,40220,"Roanoke, VA"
51069,49020,"Winchester, VA-WV"
51071,13980,"Blacksburg-Christiansburg, VA"
51073,47260,"Virginia Beach-Norfolk-Newport News, VA-NC"
51075,40060,"Richmond, VA"
51079,16820,"Charlottesville, VA"
51085,40060,"Richmond, VA"
51087,40060,"Richmond, VA"
51089,32300,"Martinsville, VA"
51093,47260,"Virginia Beach-Norfolk-Newport News, VA-NC"
51095,47260,"Virginia Beach-Norfolk-Newport News, VA-NC"
51097,40060,"Richmond, VA"
51101,40060,"Richmond, VA"
51107,47900,"Washington-Arlington-Alexandria, DC-VA-MD-WV"
51113,47900,"Washington-Arlington-Alexandria, DC-VA-MD-WV"
51115,47260,"Virginia Beach-Norfolk-Newport News, VA-NC"
51121,13980,"Blacksburg-Christiansburg, VA"
51125,16820,"Charlottesville, VA"
51127,40060,"Richmond, VA"
51143,19260,"Danville, VA"
51145,40060,"Richmond, VA"
51149,40060,"Richmond, VA"
51153,47900,"Washington-Arlington-Alexandria, DC-VA-MD-WV"
51155,13980,"Blacksburg-Christiansburg, VA"
51157,47900,"Washington-Arlington-Alexandria, DC-VA-MD-WV"
51161,40220,"Roanoke, VA"
51165,25500,"Harrisonburg, VA"
51169,28700,"Kingsport-Bristol, TN-VA"
51175,47260,"Virginia Beach-Norfolk-Newport News, VA-NC"
51177,47900,"Washington-Arlington-Alexandria, DC-VA-MD-WV"
51179,47900,"Washington-Arlington-Alexandria, DC-VA-MD-WV"
51183,40060,"Richmond, VA"
51185,14140,"Bluefield, WV-VA"
51187,47900,"Washington-Arlington-Alexandria, DC-VA-MD-WV"
51191,28700,"Kingsport-Bristol, TN-VA"
51195,13720,"Big Stone Gap, VA"
51199,47260,"Virginia Beach-Norfolk-Newport News, VA-NC"
51510,47900,"Washington-Arlington-Alexandria, DC-VA-MD-WV"
51515,31340,"Lynchburg, VA"
51520,28700,"Kingsport-Bristol, TN-VA"
51540,16820,"Charlottesville, VA"
51550,47260,"Virginia Beach-Norfolk-Newport News, VA-NC"
51570,40060,"Richmond, VA"
51590,19260,"Danville, VA"
51600,47900,"Washington-Arlington-Alexandria, DC-VA-MD-WV"
51610,47900,"Washington-Arlington-Alexandria, DC-VA-MD-WV"
51620,47260,"Virginia Beach-Norfolk-Newport News, VA-NC"
51630,47900,"Washington-Arlington-Alexandria, DC-VA-MD-WV"
51650,47260,"Virginia Beach-Norfolk-Newport News, VA-NC"
51660,25500,"Harrisonburg, VA"
51670,40060,"Richmond, VA"
51680,31340,"Lynchburg, VA"
51683,47900,"Washington-Arlington-Alexandria, DC-VA-MD-WV"
51685,47900,"Washington-Arlington-Alexandria, DC-VA-MD-WV"
51690,32300,"Martinsville, VA"
51700,47260,"Virginia Beach-Norfolk-Newport News, VA-NC"
51710,47260,"Virginia Beach-Norfolk-Newport News, VA-NC"
51720,13720,"Big Stone Gap, VA"
51730,40060,"Richmond, VA"
51735,47260,"Virginia Beach-Norfolk-Newport News, VA-NC"
51740,47260,"Virginia Beach-Norfolk-Newport News, VA-NC"
51750,13980,"Blacksburg-Christiansburg, VA"
51760,40060,"Richmond, VA"
51770,40220,"Roanoke, VA"
51775,40220,"Roanoke, VA"
51790,44420,"Staunton, VA"
51800,47260,"Virginia Beach-Norfolk-Newport News, VA-NC"
51810,47260,"Virginia Beach-Norfolk-Newport News, VA-NC"
51820,44420,"Staunton, VA"
51830,47260,"Virginia Beach-Norfolk-Newport News, VA-NC"
51840,49020,"Winchester, VA-WV"
53001,36830,"Othello, WA"
53003,30300,"Lewiston, ID-WA"
53005,28420,"Kennewick-Richland, WA"
53007,48300,"Wenatchee, WA"
53009,38820,"Port Angeles, WA"
53011,38900,"Portland-Vancouver-Hillsboro, OR-WA"
53015,31020,"Longview, WA"
53017,48300,"Wenatchee, WA"
53021,28420,"Kennewick-Richland, WA"
53025,34180,"Moses Lake, WA"
53027,10140,"Aberdeen, WA"
53029,36020,"Oak Harbor, WA"
53033,42660,"Seattle-Tacoma-Bellevue, WA"
53035,14740,"Bremerton-Silverdale-Port Orchard, WA"
53037,21260,"Ellensburg, WA"
53041,16500,"Centralia, WA"
53045,43220,"Shelton, WA"
53053,42660,"Seattle-Tacoma-Bellevue, WA"
53057,34580,"Mount Vernon-Anacortes, WA"
53059,38900,"Portland-Vancouver-Hillsboro, OR-WA"
53061,42660,"Seattle-Tacoma-Bellevue, WA"
53063,44060,"Spokane-Spokane Valley, WA"
53065,44060,"Spokane-Spokane Valley, WA"
53067,36500,"Olympia-Lacey-Tumwater, WA"
53071,47460,"Walla Walla, WA"
53073,13380,"Bellingham, WA"
53075,39420,"Pullman, WA"
53077,49420,"Yakima, WA"
54003,25180,"Hagerstown-Martinsburg, MD-WV"
54005,16620,"Charleston, WV"
54009,48260,"Weirton-Steubenville, WV-OH"
54011,26580,"Huntington-Ashland, WV-KY-OH"
54015,16620,"Charleston, WV"
54017,17220,"Clarksburg, WV"
54019,13220,"Beckley, WV"
54027,49020,"Winchester, VA-WV"
54029,48260,"Weirton-Steubenville, WV-OH"
54033,17220,"Clarksburg, WV"
54035,16620,"Charleston, WV"
54037,47900,"Washington-Arlington-Alexandria, DC-VA-MD-WV"
54039,16620,"Charleston, WV"
54043,16620,"Charleston, WV"
54045,34350,"Mount Gay-Shamrock, WV"
54049,21900,"Fairmont, WV"
54051,48540,"Wheeling, WV-OH"
54053,38580,"Point Pleasant, WV-OH"
54055,14140,"Bluefield, WV-VA"
54057,19060,"Cumberland, MD-WV"
54061,34060,"Morgantown, WV"
54065,25180,"Hagerstown-Martinsburg, MD-WV"
54069,48540,"Wheeling, WV-OH"
54077,34060,"Morgantown, WV"
54079,26580,"Huntington-Ashland, WV-KY-OH"
54081,13220,"Beckley, WV"
54083,21180,"Elkins, WV"
54091,17220,"Clarksburg, WV"
54099,26580,"Huntington-Ashland, WV-KY-OH"
54105,37620,"Parkersburg-Vienna, WV"
54107,37620,"Parkersburg-Vienna, WV"
55009,24580,"Green Bay, WI"
55015,11540,"Appleton, WI"
55017,20740,"Eau Claire, WI"
55021,31540,"Madison, WI"
55025,31540,"Madison, WI"
55027,13180,"Beaver Dam, WI"
55031,20260,"Duluth, MN-WI"
55033,32860,"Menomonie, WI"
55035,20740,"Eau Claire, WI"
55037,27020,"Iron Mountain, MI-WI"
55039,22540,"Fond du Lac, WI"
55043,38420,"Platteville, WI"
55045,31540,"Madison, WI"
55049,31540,"Madison, WI"
55055,48020,"Watertown-Fort Atkinson, WI"
55059,16980,"Chicago-Naperville-Elgin, IL-IN-WI"
55061,24580,"Green Bay, WI"
55063,29100,"La Crosse-Onalaska, WI-MN"
55069,48140,"Wausau-Weston, WI"
55071,31820,"Manitowoc, WI"
55073,48140,"Wausau-Weston, WI"
55075,31940,"Marinette, WI-MI"
55078,43020,"Shawano, WI"
55079,33340,"Milwaukee-Waukesha, WI"
55083,24580,"Green Bay, WI"
55087,11540,"Appleton, WI"
55089,33340,"Milwaukee-Waukesha, WI"
55093,33460,"Minneapolis-St. Paul-Bloomington, MN-WI"
55097,44620,"Stevens Point, WI"
55101,39540,"Racine, WI"
55105,27500,"Janesville-Beloit, WI"
55109,33460,"Minneapolis-St. Paul-Bloomington, MN-WI"
55111,12660,"Baraboo, WI"
55115,43020,"Shawano, WI"
55117,43100,"Sheboygan, WI"
55127,48580,"Whitewater, WI"
55131,33340,"Milwaukee-Waukesha, WI"
55133,33340,"Milwaukee-Waukesha, WI"
55139,36780,"Oshkosh-Neenah, WI"
55141,49220,"Wisconsin Rapids-Marshfield, WI"
56001,29660,"Laramie, WY"
56005,23940,"Gillette, WY"
56011,23940,"Gillette, WY"
56013,40180,"Riverton, WY"
56021,16940,"Cheyenne, WY"
56025,16220,"Casper, WY"
56033,43260,"Sheridan, WY"
56037,40540,"Rock Springs, WY"
56039,27220,"Jackson, WY-ID"
56041,21740,"Evanston, WY"
56045,23940,"Gillette, WY"
12025,33100,"Miami-Fort Lauderdale-Pompano Beach, FL"
